{
  "id" : null,
  "deleted" : false,
  "createdDate" : null,
  "createdBy" : null,
  "updatedDate" : null,
  "updatedBy" : null,
  "deletedTimestamp" : 0,
  "lockVersion" : 0,
  "exts" : { },
  "tenantId" : null,
  "operationId" : "create_db",
  "name" : "创建数据库",
  "description" : null,
  "buildIn" : false,
  "category" : "MACHINE_TOP_ACTION",
  "implType" : "SCRIPT",
  "implementation" : "mysql_ansible_operations/mysql_create_db.yml",
  "scriptType" : "ANSIBLE",
  "conditionExpression" : "",
  "retry" : 0,
  "timeout" : 0,
  "sequence" : 999,
  "inputs" : [ {
    "defaultValue" : "username",
    "description" : "请输入数据库管理员用户名",
    "type" : "string",
    "options" : null,
    "alias" : "数据库管理员用户",
    "id" : "dbuser",
    "regex" : null
  }, {
    "defaultValue" : "P@sswd123",
    "description" : "请输入数据库管理员密码",
    "type" : "password",
    "options" : null,
    "alias" : "数据库管理员密码",
    "id" : "password",
    "regex" : null
  }, {
    "defaultValue" : "3306",
    "description" : "请输入数据库连接端口",
    "type" : "string",
    "options" : null,
    "alias" : "数据库连接端口",
    "id" : "port",
    "regex" : null
  }, {
    "defaultValue" : "Database",
    "description" : "请输入创建数据库名",
    "type" : "string",
    "options" : null,
    "alias" : "数据库名",
    "id" : "dbname",
    "regex" : null
  }, {
    "defaultValue" : "utf8",
    "description" : "请指定数据库字符集",
    "type" : "string",
    "options" : [ "big5", "dec8", "cp850", "hp8", "koi8r", "latin1", "latin2", "swe7", "ascii", "ujis", "sjis", "hebrew ", "tis620", "euckr", "koi8u", "gb2312", "greek", "cp1250", "gbk", "latin5", "armscii8", "ucs2", "cp866", "keybcs2", "macce", "macroman", "cp852", "latin7", "utf8mb4", "cp1251", "utf16", "utf16le", "cp1256", "cp1257", "utf32", "binary", "geostd8", "cp932", "eucjpms" ],
    "alias" : "数据库字符集",
    "id" : "characterset",
    "regex" : null
  } ],
  "inputsForm" : "",
  "outputs" : { },
  "outputsForm" : null,
  "componentId" : "",
  "resourceType" : "resource.software.rds.mysql_ansible",
  "taskDefinition" : null,
  "taskDefinitionId" : null,
  "supportBatchOperation" : false,
  "supportScheduledTask" : false,
  "webOperation" : false,
  "executionOnRemote" : false,
  "overrideBuildIn" : false,
  "cmpVersion" : 1
}