{
  "id" : null,
  "deleted" : false,
  "createdDate" : null,
  "createdBy" : null,
  "updatedDate" : null,
  "updatedBy" : null,
  "deletedTimestamp" : 0,
  "lockVersion" : 0,
  "exts" : { },
  "tenantId" : null,
  "operationId" : "create",
  "name" : "build.in.lifecycle.name.create",
  "description" : "component.operation.create.description",
  "buildIn" : true,
  "category" : "",
  "implType" : "SCRIPT",
  "implementation" : "mysql_ansible_operations/mysql_install.yml",
  "scriptType" : "ANSIBLE",
  "conditionExpression" : "",
  "retry" : 0,
  "timeout" : 0,
  "sequence" : 2,
  "inputs" : [ {
    "defaultValue" : "https://dev.mysql.com/get/mysql80-community-release-el7-3.noarch.rpm",
    "description" : "请指定Repo的下载路径",
    "type" : "string",
    "options" : null,
    "alias" : "Repo下载路径",
    "id" : "repo_url",
    "regex" : null
  }, {
    "defaultValue" : "3306",
    "description" : "请指定MySQL数据库端口，默认为3306",
    "type" : "string",
    "options" : null,
    "alias" : "MySQL端口",
    "id" : "port",
    "regex" : null
  }, {
    "defaultValue" : "username",
    "description" : "请指定数据库默认用户名",
    "type" : "string",
    "options" : null,
    "alias" : "管理员用户",
    "id" : "dbuser",
    "regex" : null
  }, {
    "defaultValue" : "P@sswd123",
    "description" : "请指定数据库默认密码",
    "type" : "password",
    "options" : null,
    "alias" : "管理员密码",
    "id" : "password",
    "regex" : null
  } ],
  "inputsForm" : "",
  "outputs" : { },
  "outputsForm" : null,
  "componentId" : "",
  "resourceType" : "resource.software.rds.mysql_ansible",
  "taskDefinition" : null,
  "taskDefinitionId" : null,
  "supportBatchOperation" : false,
  "supportScheduledTask" : false,
  "webOperation" : false,
  "executionOnRemote" : false,
  "overrideBuildIn" : true,
  "cmpVersion" : 0
}