{
  "id" : null,
  "deleted" : false,
  "createdDate" : null,
  "createdBy" : null,
  "updatedDate" : null,
  "updatedBy" : null,
  "deletedTimestamp" : 0,
  "lockVersion" : 0,
  "exts" : { },
  "tenantId" : null,
  "operationId" : "create_user",
  "name" : "创建用户",
  "description" : null,
  "buildIn" : false,
  "category" : "MACHINE_TOP_ACTION",
  "implType" : "SCRIPT",
  "implementation" : "mysql_ansible_operations/mysql_create_user.yml",
  "scriptType" : "ANSIBLE",
  "conditionExpression" : "",
  "retry" : 0,
  "timeout" : 0,
  "sequence" : 999,
  "inputs" : [ {
    "defaultValue" : "root",
    "description" : "请输入数据库用户名",
    "type" : "string",
    "options" : null,
    "alias" : "数据库用户名",
    "id" : "dbuser",
    "regex" : null
  }, {
    "defaultValue" : "P@sswd123",
    "description" : "请输入数据库用户密码",
    "type" : "password",
    "options" : null,
    "alias" : "数据库用户密码",
    "id" : "password",
    "regex" : null
  }, {
    "defaultValue" : "3306",
    "description" : "请输入数据库连接端口",
    "type" : "string",
    "options" : null,
    "alias" : "数据库连接端口",
    "id" : "port",
    "regex" : null
  }, {
    "defaultValue" : null,
    "description" : "请输入新用户名",
    "type" : "string",
    "options" : null,
    "alias" : "新用户名",
    "id" : "dbuser_new",
    "regex" : null
  }, {
    "defaultValue" : null,
    "description" : "请输入新密码",
    "type" : "password",
    "options" : null,
    "alias" : "密码",
    "id" : "password_new",
    "regex" : null
  }, {
    "defaultValue" : null,
    "description" : "请输入使用该用户时允许连接的主机",
    "type" : "string",
    "options" : null,
    "alias" : "白名单",
    "id" : "allowed_hosts",
    "regex" : null
  }, {
    "defaultValue" : null,
    "description" : "* 表示所有数据库或输入数据库名。",
    "type" : "string",
    "options" : null,
    "alias" : "数据库",
    "id" : "priv_db",
    "regex" : null
  }, {
    "defaultValue" : null,
    "description" : "* 表示所有表或输入表名称",
    "type" : "string",
    "options" : null,
    "alias" : "表",
    "id" : "priv_tb",
    "regex" : null
  }, {
    "defaultValue" : null,
    "description" : "ALL, Alter, Create, Delete, Drop, INDEX, Insert, Select, Update等;多权限可用' , '隔开;",
    "type" : "string",
    "options" : null,
    "alias" : "权限",
    "id" : "priv_grant",
    "regex" : null
  } ],
  "inputsForm" : "",
  "outputs" : { },
  "outputsForm" : null,
  "componentId" : "",
  "resourceType" : "resource.software.rds.mysql_ansible",
  "taskDefinition" : null,
  "taskDefinitionId" : null,
  "supportBatchOperation" : false,
  "supportScheduledTask" : false,
  "webOperation" : false,
  "executionOnRemote" : false,
  "overrideBuildIn" : false,
  "cmpVersion" : 1
}