{
  "id" : null,
  "deleted" : false,
  "createdDate" : null,
  "createdBy" : null,
  "updatedDate" : null,
  "updatedBy" : null,
  "deletedTimestamp" : 0,
  "lockVersion" : 0,
  "exts" : { },
  "tenantId" : null,
  "operationId" : "refresh",
  "name" : "build.in.lifecycle.name.refresh",
  "description" : "component.operation.refresh.description",
  "buildIn" : true,
  "category" : "MACHINE_TOP_ACTION",
  "implType" : "SCRIPT",
  "implementation" : "mysql_ansible_operations/mysql_refresh.yml",
  "scriptType" : "ANSIBLE",
  "conditionExpression" : "",
  "retry" : 0,
  "timeout" : 0,
  "sequence" : 1,
  "inputs" : [ ],
  "inputsForm" : "",
  "outputs" : { },
  "outputsForm" : null,
  "componentId" : "",
  "resourceType" : "resource.software.rds.mysql_ansible",
  "taskDefinition" : null,
  "taskDefinitionId" : null,
  "supportBatchOperation" : true,
  "supportScheduledTask" : true,
  "webOperation" : false,
  "executionOnRemote" : false,
  "overrideBuildIn" : true,
  "cmpVersion" : 0
}