{
  "id" : null,
  "deleted" : false,
  "createdDate" : null,
  "createdBy" : null,
  "updatedDate" : null,
  "updatedBy" : null,
  "deletedTimestamp" : 0,
  "lockVersion" : 0,
  "exts" : { },
  "tenantId" : null,
  "resourceType" : "resource.software.rds.mysql_ansible",
  "parentType" : "resource.software.rds",
  "key" : "mysql_ansible",
  "name" : "MySQL",
  "description" : "通过Ansible脚本安装MySQL数据库8.0.21",
  "version" : "8.0.21",
  "cmpVersion" : 100,
  "engineType" : null,
  "icon" : null,
  "category" : {
    "id" : "software.rds",
    "deleted" : false,
    "createdDate" : null,
    "createdBy" : null,
    "updatedDate" : null,
    "updatedBy" : null,
    "deletedTimestamp" : 0,
    "lockVersion" : 0,
    "exts" : { },
    "tenantId" : "-1",
    "name" : "BUILD_IN_COMPONENT_CATEGORY.RDS",
    "parentId" : "software",
    "description" : "description.software.rds",
    "buildIn" : true,
    "order" : 2100,
    "subCategory" : [ ]
  },
  "model" : {
    "id" : null,
    "deleted" : false,
    "createdDate" : null,
    "createdBy" : null,
    "updatedDate" : null,
    "updatedBy" : null,
    "deletedTimestamp" : 0,
    "lockVersion" : 0,
    "exts" : { },
    "typeName" : "resource.software.rds.mysql_ansible",
    "derivedFrom" : "resource.software.rds",
    "groupId" : "component.group.software",
    "imports" : [ "types/resource.yaml", "file:///opt/manager/resources/spec/base/types.yaml", "types/resource.software.yaml", "file:///opt/manager/resources/spec/fabric-plugin/plugin.yaml", "types/resource.software.rds.yaml", "types/resource.software.rds.mysql_ansible.yaml", "file:///opt/manager/resources/spec/sdx-plugin/plugin.yaml" ],
    "yamlContent" : "resource.software.rds.mysql_ansible:\n  derived_from: \"resource.software.rds\"\n  properties:\n    resource_config:\n      default: {}\n  interfaces:\n    cloudify.interfaces.lifecycle:\n      create:\n        implementation: \"sdx.resource_manager.operations.run_script\"\n        executor: \"central_deployment_agent\"\n        inputs:\n          repo_url:\n            type: \"string\"\n            description: \"请指定Repo的下载路径\"\n            default: \"https://dev.mysql.com/get/mysql80-community-release-el7-3.noarch.rpm\"\n            alias: \"Repo下载路径\"\n          port:\n            type: \"string\"\n            description: \"请指定MySQL数据库端口，默认为3306\"\n            default: \"3306\"\n            alias: \"MySQL端口\"\n          dbuser:\n            type: \"string\"\n            description: \"请指定数据库默认用户名\"\n            default: \"username\"\n            alias: \"管理员用户\"\n          password:\n            type: \"password\"\n            description: \"请指定数据库默认密码\"\n            default: \"P@sswd123\"\n            alias: \"管理员密码\"\n          script_type:\n            type: \"string\"\n            default: \"ansible\"\n          script_path:\n            type: \"string\"\n            default: \"mysql_ansible_operations/mysql_install.yml\"\n        max_retries: 0\n      refresh:\n        implementation: \"sdx.resource_manager.operations.run_script\"\n        executor: \"central_deployment_agent\"\n        inputs:\n          script_type:\n            type: \"string\"\n            default: \"ansible\"\n          script_path:\n            type: \"string\"\n            default: \"mysql_ansible_operations/mysql_refresh.yml\"\n        max_retries: 0\n      start:\n        implementation: \"sdx.resource_manager.operations.run_script\"\n        executor: \"central_deployment_agent\"\n        inputs:\n          script_type:\n            type: \"string\"\n            default: \"ansible\"\n          script_path:\n            type: \"string\"\n            default: \"mysql_ansible_operations/mysql_start.yml\"\n        max_retries: 0\n      stop:\n        implementation: \"sdx.resource_manager.operations.run_script\"\n        executor: \"central_deployment_agent\"\n        inputs:\n          script_type:\n            type: \"string\"\n            default: \"ansible\"\n          script_path:\n            type: \"string\"\n            default: \"mysql_ansible_operations/mysql_stop.yml\"\n        max_retries: 0\n",
    "toscaContent" : null,
    "blueprintFiles" : [ ],
    "capability" : null,
    "dependency" : [ {
      "type" : "cloudify.relationships.contained_in",
      "target" : "cloudchef.nodes.Machine"
    } ],
    "properties" : [ {
      "defaultValue" : "https://dev.mysql.com/get/mysql80-community-release-el7-3.noarch.rpm",
      "description" : "请指定Repo的下载路径",
      "type" : "string",
      "options" : null,
      "alias" : "Repo下载路径",
      "id" : "repo_url",
      "regex" : null
    }, {
      "defaultValue" : "3306",
      "description" : "请指定MySQL数据库端口，默认为3306",
      "type" : "string",
      "options" : null,
      "alias" : "MySQL端口",
      "id" : "dbport",
      "regex" : null
    }, {
      "defaultValue" : "username",
      "description" : "请指定数据库默认用户名",
      "type" : "string",
      "options" : null,
      "alias" : "数据库用户",
      "id" : "dbuser",
      "regex" : null
    }, {
      "defaultValue" : "mydb",
      "description" : "请输入需要创建的数据库名称",
      "type" : "string",
      "options" : null,
      "alias" : "数据库名称",
      "id" : "dbname",
      "regex" : null
    } ],
    "lifecycles" : [ ]
  },
  "artifact" : {
    "type" : null,
    "endpointId" : "",
    "repository" : "",
    "group" : "",
    "name" : "",
    "version" : ""
  },
  "preVersion" : null,
  "componentHistoryId" : null,
  "published" : true,
  "enableArtifact" : false,
  "hidden" : false,
  "allowInherit" : true,
  "allowModifyProperties" : true,
  "allowModifyLifecycle" : true,
  "allowInstantiate" : true,
  "monitoringConfig" : {
    "resourceType" : null,
    "name" : null,
    "dashBoard" : null,
    "cloudEntryTypeId" : null
  },
  "usage" : "",
  "cloudEntryTypeIds" : "",
  "runtime" : "instance",
  "osType" : "linux",
  "systemComponent" : false,
  "authorizedRoles" : [ ],
  "blueprintId" : "2c260193-38d6-429b-b6a4-57a3ded88285",
  "subComponents" : [ ]
}